
{
    "region" : "us-east-1",
    "configuration" : "Debug",
    "framework"     : "net6.0",
    "self-contained" : true,
    "application"    : "TutorMeFiles",
    "environment"    : "TutorMeFiles-prod",
    "app-path"       : "/",
    "iis-website"    : "Default Web Site",
    "enable-xray"    : false,
    "enhanced-health-type" : "basic",
    "additional-options"   : "\"aws:autoscaling:launchconfiguration,SecurityGroups\"=\"sg-054abd0e6fbba8935\";\"aws:ec2:vpc,Subnets\"=\"subnet-05df2fe3da8568626\";\"aws:ec2:vpc,ELBSubnets\"=\"subnet-05df2fe3da8568626,subnet-086d17db01b988a24,subnet-053ee0c197562b451,subnet-0dbf7f6b073ea5a6b,subnet-06f38452e4490869b,subnet-0b6cf6d119b46cccd\"",
    "solution-stack"       : "64bit Windows Server Core 2019 v2.10.1 running IIS 10.0",
    "environment-type"     : "LoadBalanced",
    "loadbalancer-type"    : "classic",
    "cname"                : "tutormefiles-prod",
    "instance-type"        : "t3a.medium",
    "key-pair"             : "",
    "health-check-url"     : "/",
    "instance-profile"     : "aws-elasticbeanstalk-ec2-role",
    "service-role"         : "aws-elasticbeanstalk-service-role"
}