﻿{
   "CodeGenerationMode": 2,
   "ContextClassName": "FilesContext",
   "ContextNamespace": "Data",
   "DefaultDacpacSchema": null,
   "FilterSchemas": false,
   "IncludeConnectionString": false,
   "ModelNamespace": "Models",
   "OutputContextPath": "Data",
   "OutputPath": "Models",
   "ProjectRootNamespace": "FileSystem",
   "Schemas": null,
   "SelectedHandlebarsLanguage": 0,
   "SelectedToBeGenerated": 0,
   "Tables": [
      {
         "Name": "[dbo].[TuteeFiles]",
         "ObjectType": 0
      },
      {
         "Name": "[dbo].[TutorFiles]",
         "ObjectType": 0
      }
   ],
   "UiHint": "tutor-me-files.TutorMeFiles",
   "UseBoolPropertiesWithoutDefaultSql": false,
   "UseDatabaseNames": false,
   "UseDbContextSplitting": false,
   "UseFluentApiOnly": true,
   "UseHandleBars": false,
   "UseHierarchyId": false,
   "UseInflector": true,
   "UseLegacyPluralizer": false,
   "UseManyToManyEntity": false,
   "UseNoConstructor": false,
   "UseNoDefaultConstructor": false,
   "UseNoNavigations": false,
   "UseNoObjectFilter": false,
   "UseNodaTime": false,
   "UseNullableReferences": false,
   "UseSchemaFolders": false,
   "UseSpatial": false
}