
{
    "region" : "us-east-1",
    "configuration" : "Debug",
    "framework"     : "net6.0",
    "self-contained" : true,
    "application"    : "TutorWhizz",
    "environment"    : "TutorWhizz-dev",
    "app-path"       : "/",
    "iis-website"    : "Default Web Site",
    "enable-xray"    : false,
    "enhanced-health-type" : "basic",
    "additional-options"   : "\"aws:autoscaling:launchconfiguration,SecurityGroups\"=\"sg-02c542dd87490ab46\";\"aws:ec2:vpc,Subnets\"=\"subnet-072378d021c00109b\"",
    "solution-stack"       : "64bit Windows Server Core 2019 v2.10.2 running IIS 10.0",
    "environment-type"     : "SingleInstance",
    "cname"                : "tutorwhizz-dev",
    "instance-type"        : "t3a.medium",
    "key-pair"             : "",
    "instance-profile"     : "aws-elasticbeanstalk-ec2-role",
    "service-role"         : "aws-elasticbeanstalk-service-role"
}